{"train_loss":0.011353453155606985,"val_loss":0.40820226073265076,"epoch":239,"_timestamp":1.7657956999537416e+09,"_step":239,"_wandb":{"runtime":88},"_runtime":88}