{"_runtime":17,"_step":40,"train_loss":0.5021446049213409,"val_loss":0.9080554842948914,"epoch":40,"_timestamp":1.765795594290091e+09,"_wandb":{"runtime":17}}