{"_step":3,"train_loss":1.5973156690597534,"val_loss":1.5795016288757324,"_wandb":{"runtime":2},"_runtime":2,"epoch":3,"_timestamp":1.7657952629134345e+09}